Metric,Score
Accuracy,0.795358125
Precision,0.7959651033864366
Recall,0.795358125
F1 Score,0.7952531490148104
